{
  "wearable_random_forest": {
    "accuracy": 0.91,
    "precision": 0.9065488215488214,
    "recall": 0.91,
    "f1_score": 0.907410087923569,
    "roc_auc": 0.9544330251408565
  },
  "wearable_gradient_boosting": {
    "accuracy": 0.9066666666666666,
    "precision": 0.9044134563809156,
    "recall": 0.9066666666666666,
    "f1_score": 0.9051628793897981,
    "roc_auc": 0.9566655633523102
  },
  "wearable_logistic_regression": {
    "accuracy": 0.9216666666666666,
    "precision": 0.919929648714148,
    "recall": 0.9216666666666666,
    "f1_score": 0.9202477873587751,
    "roc_auc": 0.9611363034555805
  },
  "wearable_best": {
    "model_type": "logistic_regression",
    "f1_score": 0.9202477873587751,
    "model_path": "C:\\Users\\Essam\\Downloads\\PROJECT\\models\\wearable_model_logistic_regression.pkl"
  },
  "air_quality_random_forest": {
    "accuracy": 1.0,
    "precision": 1.0,
    "recall": 1.0,
    "f1_score": 1.0,
    "roc_auc": 1.0
  },
  "air_quality_gradient_boosting": {
    "accuracy": 1.0,
    "precision": 1.0,
    "recall": 1.0,
    "f1_score": 1.0,
    "roc_auc": 1.0
  },
  "air_quality_logistic_regression": {
    "accuracy": 0.9333333333333333,
    "precision": 0.9408333333333334,
    "recall": 0.9333333333333333,
    "f1_score": 0.9324893934181858,
    "roc_auc": 0.9813443754313319
  },
  "air_quality_best": {
    "model_type": "random_forest",
    "f1_score": 1.0,
    "model_path": "C:\\Users\\Essam\\Downloads\\PROJECT\\models\\air_quality_model_random_forest.pkl"
  },
  "weather_random_forest": {
    "accuracy": 1.0,
    "precision": 1.0,
    "recall": 1.0,
    "f1_score": 1.0,
    "roc_auc": null
  },
  "weather_gradient_boosting": {
    "accuracy": 0.9666666666666667,
    "precision": 0.9680555555555556,
    "recall": 0.9666666666666667,
    "f1_score": 0.9657392253136934,
    "roc_auc": null
  },
  "weather_logistic_regression": {
    "accuracy": 0.9,
    "precision": 0.8972222222222221,
    "recall": 0.9,
    "f1_score": 0.8972176759410803,
    "roc_auc": null
  },
  "weather_best": {
    "model_type": "random_forest",
    "f1_score": 1.0,
    "model_path": "C:\\Users\\Essam\\Downloads\\PROJECT\\models\\weather_model_random_forest.pkl"
  }
}