{
  "wearable_random_forest": {
    "accuracy": 0.89,
    "precision": 0.8838256929637527,
    "recall": 0.89,
    "f1_score": 0.8847177882358604,
    "roc_auc": 0.9349041771481531
  },
  "wearable_gradient_boosting": {
    "accuracy": 0.89,
    "precision": 0.8853047210300429,
    "recall": 0.89,
    "f1_score": 0.8861225764526736,
    "roc_auc": 0.9377140797622724
  },
  "wearable_logistic_regression": {
    "accuracy": 0.8916666666666667,
    "precision": 0.8859806786174946,
    "recall": 0.8916666666666667,
    "f1_score": 0.886714545905737,
    "roc_auc": 0.9435327390146667
  },
  "wearable_best": {
    "model_type": "logistic_regression",
    "f1_score": 0.886714545905737,
    "model_path": "C:\\Users\\Essam\\Downloads\\PROJECT\\models\\wearable_model_logistic_regression.pkl"
  },
  "air_quality_random_forest": {
    "accuracy": 1.0,
    "precision": 1.0,
    "recall": 1.0,
    "f1_score": 1.0,
    "roc_auc": 1.0
  },
  "air_quality_gradient_boosting": {
    "accuracy": 1.0,
    "precision": 1.0,
    "recall": 1.0,
    "f1_score": 1.0,
    "roc_auc": 1.0
  },
  "air_quality_logistic_regression": {
    "accuracy": 0.9333333333333333,
    "precision": 0.9408333333333334,
    "recall": 0.9333333333333333,
    "f1_score": 0.9324893934181858,
    "roc_auc": 0.9813443754313319
  },
  "air_quality_best": {
    "model_type": "random_forest",
    "f1_score": 1.0,
    "model_path": "C:\\Users\\Essam\\Downloads\\PROJECT\\models\\air_quality_model_random_forest.pkl"
  },
  "weather_random_forest": {
    "accuracy": 0.9666666666666667,
    "precision": 0.9690476190476189,
    "recall": 0.9666666666666667,
    "f1_score": 0.965432098765432,
    "roc_auc": 1.0
  },
  "weather_gradient_boosting": {
    "accuracy": 1.0,
    "precision": 1.0,
    "recall": 1.0,
    "f1_score": 1.0,
    "roc_auc": 1.0
  },
  "weather_logistic_regression": {
    "accuracy": 0.8666666666666667,
    "precision": 0.8608974358974358,
    "recall": 0.8666666666666667,
    "f1_score": 0.8617777777777778,
    "roc_auc": 0.976313725490196
  },
  "weather_best": {
    "model_type": "gradient_boosting",
    "f1_score": 1.0,
    "model_path": "C:\\Users\\Essam\\Downloads\\PROJECT\\models\\weather_model_gradient_boosting.pkl"
  }
}